session,run,order,video_name,duration
3,1,1,ses-03_run-01_order-01_content-visswar.mp4,6
3,1,2,ses-03_run-01_order-02_content-HB.mp4,7
3,1,3,ses-03_run-01_order-03_content-bestfriendsweating.mp4,6
3,1,4,ses-03_run-01_order-04_content-unefille.mp4,7
3,1,5,ses-03_run-01_order-05_content-parkour.mp4,5
3,1,6,ses-03_run-01_order-06_content-war.mp4,6
3,1,7,ses-03_run-01_order-07_content-youth.mp4,6
3,1,8,ses-03_run-01_order-08_content-dancewithdeath.mp4,7
3,1,9,ses-03_run-01_order-09_content-knifegame.mp4,6
3,1,10,ses-03_run-01_order-10_content-captureflag.mp4,6
3,1,11,ses-03_run-01_order-11_content-menrunning.mp4,6
3,1,12,ses-03_run-01_order-12_content-photography.mp4,6
3,1,13,ses-03_run-01_order-13_content-wanderers.mp4,6
3,1,14,ses-03_run-01_order-14_content-alwaysafamily.mp4,7
3,1,15,ses-03_run-01_order-15_content-giving.mp4,6
3,1,16,ses-03_run-01_order-16_content-huggingpets.mp4,6
3,1,17,ses-03_run-01_order-17_content-freesolo.mp4,7
3,1,18,ses-03_run-01_order-18_content-angrygrandpa.mp4,6
3,1,19,ses-03_run-01_order-19_content-beatbox.mp4,6
3,1,20,ses-03_run-01_order-20_content-cupstacking.mp4,6
3,1,21,ses-03_run-01_order-21_content-iceblock.mp4,6